mean_pred,fraction_pos
0.048152152699633285,0.07692307692307693
0.21129320987633296,0.42857142857142855
0.3046531856060028,0.6
0.4706679651370415,0.46153846153846156
0.5951050944247488,0.6271186440677966
0.6568216629650282,0.9347826086956522
0.8087844550609589,0.5
0.9502582430839539,1.0
